sigma_cm,alpha,C1 Confirmed stunting,"C2 Uncertain, high risk","C3 Uncertain, low risk","C4 Not stunted, high risk","C5 Not stunted, low risk",remeasure_pct
0.5,0.05,16.54,7.23,5.43,28.47,42.33,12.66
0.5,0.1,17.46,5.8,4.26,29.43,43.05,10.06
0.5,0.2,18.97,3.54,2.85,30.77,43.86,6.4
1.0,0.05,12.13,14.33,10.79,24.16,38.59,25.12
1.0,0.1,13.93,11.21,8.63,26.09,40.13,19.84
1.0,0.2,16.5,7.45,5.56,28.27,42.22,13.01
1.5,0.05,9.11,20.77,16.8,19.73,33.6,37.57
1.5,0.1,11.15,16.71,12.78,22.44,36.92,29.5
1.5,0.2,14.03,11.06,8.53,26.19,40.19,19.59
