partition,calibration,bin,n_raw,n_eff,w_frac,mean_pred,obs,lo,hi
Locked test,Raw,"[0.0,0.1)",1275,568.3744,0.1078,0.0784,0.0868,0.0637,0.11
Locked test,Raw,"[0.1,0.2)",5406,2357.9397,0.3936,0.1519,0.1474,0.1331,0.1617
Locked test,Raw,"[0.2,0.3)",4932,2031.0982,0.3086,0.244,0.2598,0.2407,0.2788
Locked test,Raw,"[0.3,0.4)",2425,859.011,0.1254,0.3409,0.3174,0.2863,0.3486
Locked test,Raw,"[0.4,0.5)",1033,352.4463,0.0478,0.4393,0.4314,0.3797,0.4831
Locked test,Raw,"[0.5,0.6)",305,94.5025,0.0143,0.5341,0.5721,0.4724,0.6719
Locked test,Raw,"[0.6,0.7)",67,39.8064,0.002,0.6368,0.5741,0.4205,0.7278
Locked test,Raw,"[0.7,0.8)",8,2.2893,0.0004,0.7116,0.9652,0.7277,1.0
Locked test,Platt,"[0.0,0.1)",902,400.4571,0.074,0.0806,0.0842,0.057,0.1114
Locked test,Platt,"[0.1,0.2)",5360,2348.7793,0.3989,0.1531,0.1421,0.1279,0.1562
Locked test,Platt,"[0.2,0.3)",5403,2224.2155,0.3395,0.2441,0.2505,0.2325,0.2685
Locked test,Platt,"[0.3,0.4)",2544,904.0005,0.1325,0.3411,0.3251,0.2946,0.3556
Locked test,Platt,"[0.4,0.5)",958,309.8886,0.0438,0.4401,0.4579,0.4025,0.5134
Locked test,Platt,"[0.5,0.6)",241,80.5415,0.0097,0.5333,0.5798,0.472,0.6876
Locked test,Platt,"[0.6,0.7)",41,15.894,0.0015,0.6381,0.6632,0.4309,0.8956
Locked test,Isotonic,"[0.0,0.1)",1140,505.2291,0.0965,0.0747,0.084,0.0599,0.1082
Locked test,Isotonic,"[0.1,0.2)",5870,2565.4756,0.4273,0.1612,0.1531,0.1392,0.1671
Locked test,Isotonic,"[0.2,0.3)",4360,1792.198,0.2722,0.2557,0.257,0.2368,0.2772
Locked test,Isotonic,"[0.3,0.4)",3187,1123.5782,0.1655,0.3406,0.3279,0.3004,0.3553
Locked test,Isotonic,"[0.4,0.5)",618,212.9769,0.0275,0.4507,0.488,0.4209,0.5552
Locked test,Isotonic,"[0.5,0.6)",209,67.9434,0.0087,0.5184,0.5902,0.4732,0.7071
Locked test,Isotonic,"[0.6,0.7)",66,27.9224,0.0022,0.6368,0.6213,0.4413,0.8012
Spatial holdout,Raw,"[0.0,0.1)",687,414.4634,0.1157,0.0782,0.0561,0.0339,0.0782
Spatial holdout,Raw,"[0.1,0.2)",2398,1407.3631,0.377,0.151,0.103,0.0871,0.1189
Spatial holdout,Raw,"[0.2,0.3)",2105,1245.5164,0.308,0.2455,0.2363,0.2127,0.2599
Spatial holdout,Raw,"[0.3,0.4)",1043,636.3953,0.1356,0.3414,0.335,0.2984,0.3717
Spatial holdout,Raw,"[0.4,0.5)",397,243.0233,0.0469,0.437,0.377,0.3161,0.438
Spatial holdout,Raw,"[0.5,0.6)",130,77.4331,0.0143,0.5427,0.4921,0.3807,0.6034
Spatial holdout,Raw,"[0.6,0.7)",18,11.7172,0.002,0.6339,0.7472,0.4984,0.9961
Spatial holdout,Raw,"[0.7,0.8)",6,3.6176,0.0005,0.7197,0.7017,0.2302,1.0
Spatial holdout,Platt,"[0.0,0.1)",486,294.6604,0.0786,0.08,0.0499,0.025,0.0748
Spatial holdout,Platt,"[0.1,0.2)",2414,1416.3717,0.3856,0.1515,0.0987,0.0832,0.1142
Spatial holdout,Platt,"[0.2,0.3)",2303,1362.1353,0.3375,0.2452,0.2265,0.2043,0.2488
Spatial holdout,Platt,"[0.3,0.4)",1103,675.3815,0.144,0.3408,0.3362,0.3005,0.3718
Spatial holdout,Platt,"[0.4,0.5)",358,218.2687,0.0404,0.4348,0.3771,0.3128,0.4414
Spatial holdout,Platt,"[0.5,0.6)",104,62.968,0.0126,0.5326,0.559,0.4363,0.6816
Spatial holdout,Platt,"[0.6,0.7)",15,8.8265,0.0013,0.6558,0.7411,0.4521,1.0
Spatial holdout,Isotonic,"[0.0,0.1)",622,376.2559,0.1036,0.0738,0.0527,0.0302,0.0753
Spatial holdout,Isotonic,"[0.1,0.2)",2620,1535.6086,0.4117,0.1606,0.1088,0.0933,0.1244
Spatial holdout,Isotonic,"[0.2,0.3)",1842,1095.6688,0.2694,0.2567,0.2359,0.2108,0.261
Spatial holdout,Isotonic,"[0.3,0.4)",1366,818.5605,0.1785,0.3402,0.3262,0.294,0.3583
Spatial holdout,Isotonic,"[0.4,0.5)",221,147.5262,0.0233,0.4458,0.4423,0.3621,0.5224
Spatial holdout,Isotonic,"[0.5,0.6)",92,55.3237,0.0114,0.5169,0.5293,0.3977,0.6608
Spatial holdout,Isotonic,"[0.6,0.7)",21,12.8001,0.0021,0.6355,0.8396,0.6385,1.0
