column,role,reason,retained,domain,missing,note
ID ART,Design / identifier,"Used for weighting, clustering, splitting or recoded",False,,0.0,
ID RT,Design / identifier,"Used for weighting, clustering, splitting or recoded",False,,0.0,
ID Ibu,Design / identifier,"Used for weighting, clustering, splitting or recoded",False,,0.0627,
ID Anak Terakhir,Design / identifier,"Used for weighting, clustering, splitting or recoded",False,,0.2562,
Penimbang Populasi Individu,Design / identifier,"Used for weighting, clustering, splitting or recoded",False,,0.0,
Penimbang Populasi RT,Design / identifier,"Used for weighting, clustering, splitting or recoded",False,,0.0,
Primary Sampling Unit,Design / identifier,"Used for weighting, clustering, splitting or recoded",False,,0.0,
STRATA,Design / identifier,"Used for weighting, clustering, splitting or recoded",False,,0.0,
1.Provinsi,Design / identifier,"Used for weighting, clustering, splitting or recoded",False,,0.0,
2. Kabupaten/Kota,Design / identifier,"Used for weighting, clustering, splitting or recoded",False,,0.0,
5. Klasifikasi Desa/Kelurahan,Design / identifier,Recoded to urban,False,,0.0,
4. Jenis Kelamin,Design / identifier,Recoded to sex,False,,0.0,
6. Tanggal Lahir,Design / identifier,"Used for weighting, clustering, splitting or recoded",False,,0.0,
2. Tanggal Pengumpulan data: (tgl-bln),Design / identifier,"Used for weighting, clustering, splitting or recoded",False,,0.0,
8. Pendidikan tertinggi,Retained predictor,Available before anthropometric confirmation,True,Maternal / caregiver,0.0627,
9. Status Pekerjaan,Retained predictor,Available before anthropometric confirmation,True,Maternal / caregiver,0.0627,
11. Kepemilikan Jaminan Kesehatan,Retained predictor,Available before anthropometric confirmation,True,Maternal / caregiver,0.0,
"A12.Dalam 1 tahun terakhir, apakah [NAMA] pernah didiagnosis TBC Paru / Flek paru oleh dokter?",Retained predictor,Available before anthropometric confirmation,True,Child,0.0,
"A22.Dalam 1 tahun terakhir, apakah [NAMA] pernah didiagnosis menderita hepatitis oleh dokter?",Retained predictor,Available before anthropometric confirmation,True,Child,0.0,
B01.Apakah [NAMA] pernah didiagnosis asma oleh dokter?,Retained predictor,Available before anthropometric confirmation,True,Child,0.0,
B07.a.Apakah [NAMA] pernah didiagnosis diabetes mellitus (DM)/ kencing manis oleh dokter?,Retained predictor,Available before anthropometric confirmation,True,Child,0.0,
B07.b.	Tipe atau jenis diabetes mellitus (DM)/ kencing manis yang diderita oleh [NAMA]?,Excluded,Missing >95%,False,,1.0,
B16.Apakah [NAMA] pernah didiagnosis menderita sakit jantung oleh dokter?,Retained predictor,Available before anthropometric confirmation,True,Child,0.0,
B18.Apakah [NAMA] pernah didiagnosis menderita hipertensi oleh dokter?,Excluded,Missing >95%,False,,1.0,
B24.Apakah [NAMA] pernah didiagnosis menderita stroke oleh dokter?,Excluded,Missing >95%,False,,1.0,
G01.Apa yang [NAMA] lakukan untuk menghindari gigitan nyamuk?  a.	Tidur menggunakan kelambu tanpa insektisida,Retained predictor,Available before anthropometric confirmation,True,Maternal / caregiver,0.0882,
G01.b.	Tidur menggunakan kelambu dengan berinsektisida ≤ 3 tahun,Retained predictor,Available before anthropometric confirmation,True,Maternal / caregiver,0.0882,
G01.c.	Tidur menggunakan kelambu dengan berinsektisida > 3 tahun,Retained predictor,Available before anthropometric confirmation,True,Maternal / caregiver,0.0882,
G01.d.	Menggunakan repelen/ bahan-bahan pencegah gigitan nyamuk,Retained predictor,Available before anthropometric confirmation,True,Maternal / caregiver,0.0882,
G01.e.	Memakai obat nyamuk (bakar/semprot/elektrik),Retained predictor,Available before anthropometric confirmation,True,Maternal / caregiver,0.0882,
G03.a.Apakah [NAMA] tahu tentang anak stunting?,Retained predictor,Available before anthropometric confirmation,True,Maternal / caregiver,0.0882,
G03.b.Menurut [NAMA] apa yang dimaksud dengan stunting?  1)	Berat badan tidak naik,T4 Low-quality / conditional item,>50% structurally missing free-text-like knowledge item,False,,0.5189,
G03.2)	Gagal tumbuh,T4 Low-quality / conditional item,>50% structurally missing free-text-like knowledge item,False,,0.5189,
G03.3)	Kerdil/cebol,T4 Low-quality / conditional item,>50% structurally missing free-text-like knowledge item,False,,0.5189,
G03.4)	Berat badan tidak sesuai dengan Panjang/tinggi badan (Gizi kurang/wasting),T4 Low-quality / conditional item,>50% structurally missing free-text-like knowledge item,False,,0.5189,
G03.5)	Panjang/ tinggi badan tidak sesuai umur (pendek/stunted),T4 Low-quality / conditional item,>50% structurally missing free-text-like knowledge item,False,,0.5189,
G03.6)	Kurang gizi dalam waktu lama,T4 Low-quality / conditional item,>50% structurally missing free-text-like knowledge item,False,,0.5189,
G03.7)	Berat badan tidak sesuai dengan umur (berat badan kurang/underweight),T4 Low-quality / conditional item,>50% structurally missing free-text-like knowledge item,False,,0.5189,
G03.8)	Kurang energi kronis (KEK),T4 Low-quality / conditional item,>50% structurally missing free-text-like knowledge item,False,,0.5189,
G03.9)	Anemia,T4 Low-quality / conditional item,>50% structurally missing free-text-like knowledge item,False,,0.5189,
G03.c.Selama ini darimana [NAMA] mengetahui informasi tentang stunting?,T4 Low-quality / conditional item,>50% structurally missing free-text-like knowledge item,False,,0.5187,
G03.c.Sebutkan,T4 Low-quality / conditional item,>50% structurally missing free-text-like knowledge item,False,,0.9905,
G07.Apakah [NAMA] biasa mencuci tangan?,Retained predictor,Available before anthropometric confirmation,True,Maternal / caregiver,0.0882,
G11.Apakah [NAMA] pernah merokok?,Retained predictor,Available before anthropometric confirmation,True,Maternal / caregiver,0.0882,
G14.Sebutkan jenis rokok yang biasa [NAMA] hisap: a.	Rokok kretek,Excluded,Missing >95%,False,,0.9927,
G14.b.	Rokok putih,Excluded,Missing >95%,False,,0.9927,
G14.c.	Rokok linting,Excluded,Missing >95%,False,,0.9927,
G14.d.	Elektrik,Excluded,Missing >95%,False,,0.9927,
G14.e.	Shisha,Excluded,Missing >95%,False,,0.9927,
G18.Apakah [NAMA] biasa merokok di dalam rumah?,Excluded,Missing >95%,False,,0.9951,
"G21.Apakah [NAMA] MENGUNYAH TEMBAKAU (nginang, nyirih, susur) selama 1 bulan terakhir?",Retained predictor,Available before anthropometric confirmation,True,Maternal / caregiver,0.0882,
"G32.Dalam 1 bulan terakhir, Apakah [NAMA] mengonsumsi minuman beralkohol?",Retained predictor,Available before anthropometric confirmation,True,Maternal / caregiver,0.0882,
G47.Apakah [NAMA] sudah mendapat haid/ menstruasi?,Excluded,Missing >95%,False,,1.0,
H01.Berapa umur [NAMA] ketika pertama kali hamil?,Retained predictor,Available before anthropometric confirmation,True,"Birth, ANC & neonatal care",0.0901,
H09.Apakah [NAMA] memeriksakan kehamilan ke tenaga kesehatan?,Retained predictor,Available before anthropometric confirmation,True,"Birth, ANC & neonatal care",0.2562,
H29.Dimana tempat persalinan [NAMA ANAK]?,Retained predictor,Available before anthropometric confirmation,True,"Birth, ANC & neonatal care",0.2562,
H32.Bagaimana metode persalinan [NAMA ANAK]?,Retained predictor,Available before anthropometric confirmation,True,"Birth, ANC & neonatal care",0.2562,
I01.Apakah [NAMA] memiliki Buku KIA (Buku Kesehatan Ibu dan Anak)?,Retained predictor,Available before anthropometric confirmation,True,"Birth, ANC & neonatal care",0.001,
I04.Usia kehamilan saat [NAMA] dilahirkan,Retained predictor,Available before anthropometric confirmation,True,"Birth, ANC & neonatal care",0.0544,
I05.a.	Berapa berat badan [NAMA] saat dilahirkan,Retained predictor,Available before anthropometric confirmation,True,"Birth, ANC & neonatal care",0.0791,Birth record (pre-outcome); sensitivity model without birth anthropometry
I07.Berapa panjang badan [NAMA] saat dilahirkan,Retained predictor,Available before anthropometric confirmation,True,"Birth, ANC & neonatal care",0.25,Birth record (pre-outcome); sensitivity model without birth anthropometry
I09.Apakah [NAMA] mempunyai catatan/ dokumen lingkar kepala?,Retained predictor,Available before anthropometric confirmation,True,"Birth, ANC & neonatal care",0.0005,
I10.Salin dari catatan/dokumen lingkar kepala [NAMA],Retained predictor,Available before anthropometric confirmation,True,"Birth, ANC & neonatal care",0.6437,Birth record (pre-outcome); sensitivity model without birth anthropometry
I12.Apakah  [NAMA] mendapatkan layanan neonatal dari petugas kesehatan pada 0-28 hari ? a.Pengukuran berat badan,Retained predictor,Available before anthropometric confirmation,True,"Birth, ANC & neonatal care",0.1165,
I12.b.Pengukuran panjang badan,Retained predictor,Available before anthropometric confirmation,True,"Birth, ANC & neonatal care",0.1165,
I12.c.Pengukuran suhu tubuh,Retained predictor,Available before anthropometric confirmation,True,"Birth, ANC & neonatal care",0.1165,
I12.d.Perawatan tali pusat,Retained predictor,Available before anthropometric confirmation,True,"Birth, ANC & neonatal care",0.1165,
I12.e.Pemberian imunisasi Hb-0,Retained predictor,Available before anthropometric confirmation,True,"Birth, ANC & neonatal care",0.1165,
I12.f.Pemberian Vitamin K,Retained predictor,Available before anthropometric confirmation,True,"Birth, ANC & neonatal care",0.1165,
I12.g.	Pemberian salep mata,Retained predictor,Available before anthropometric confirmation,True,"Birth, ANC & neonatal care",0.1165,
I12.h.	Menanyakan status kesehatan,Retained predictor,Available before anthropometric confirmation,True,"Birth, ANC & neonatal care",0.1165,
I12.i.	Memberitahu cara pemberian ASI yang baik,Retained predictor,Available before anthropometric confirmation,True,"Birth, ANC & neonatal care",0.1165,
I12.j.	Menanyakan masalah dalam pemberian ASI,Retained predictor,Available before anthropometric confirmation,True,"Birth, ANC & neonatal care",0.1165,
I12.k.	Menanyakan [NAMA] mengalami diare atau tidak,Retained predictor,Available before anthropometric confirmation,True,"Birth, ANC & neonatal care",0.1165,
I12.l.	Memberitahukan mengenai tanda bahaya pada bayi,Retained predictor,Available before anthropometric confirmation,True,"Birth, ANC & neonatal care",0.1165,
I15.Apakah [NAMA] mempunyai kelainan bawaan sejak lahir? a. Kaki pengkor,Retained predictor,Available before anthropometric confirmation,True,Child,0.001,
I15.b. Hidrocephalus,Retained predictor,Available before anthropometric confirmation,True,Child,0.001,
I15.c. Bibir sumbing,Retained predictor,Available before anthropometric confirmation,True,Child,0.001,
I15.d. Kembar siam,Retained predictor,Available before anthropometric confirmation,True,Child,0.001,
I15.e. Tidak punya lubang anus,Retained predictor,Available before anthropometric confirmation,True,Child,0.001,
I15.f.  Down syndrom,Retained predictor,Available before anthropometric confirmation,True,Child,0.001,
I15.g. Kelainan jantung bawaan,Retained predictor,Available before anthropometric confirmation,True,Child,0.001,
I15.h. Thalasemia,Retained predictor,Available before anthropometric confirmation,True,Child,0.001,
I16.Apakah [NAMA] pernah diimunisasi?,Retained predictor,Available before anthropometric confirmation,True,Child,0.001,
I49.Alasan [NAMA] mendapatkan PMT? a.	Gizi buruk,T3 Post-outcome proxy,Supplementary feeding given BECAUSE of nutritional status,False,,0.7453,
I49.b.	Gizi Kurang/BGM,T3 Post-outcome proxy,Supplementary feeding given BECAUSE of nutritional status,False,,0.7453,
I49.c.	Kurus,T3 Post-outcome proxy,Supplementary feeding given BECAUSE of nutritional status,False,,0.7453,
I49.d.	Berat badan tidak naik 2 kali (2T),T3 Post-outcome proxy,Supplementary feeding given BECAUSE of nutritional status,False,,0.7453,
I49.e.	Sakit-sakitan,T3 Post-outcome proxy,Supplementary feeding given BECAUSE of nutritional status,False,,0.7453,
I49.f.	Karena ikut penimbangan di Posyandu,T3 Post-outcome proxy,Supplementary feeding given BECAUSE of nutritional status,False,,0.7453,
I49.g.	Keluarga miskin (gakin),T3 Post-outcome proxy,Supplementary feeding given BECAUSE of nutritional status,False,,0.7453,
I49.h.	Lainnya,T3 Post-outcome proxy,Supplementary feeding given BECAUSE of nutritional status,False,,0.7453,
I49.h.Sebutkan,T3 Post-outcome proxy,Supplementary feeding given BECAUSE of nutritional status,False,,0.9843,
I37.Apakah saat ini [NAMA] masih disusui/diberi ASI (Air Susu Ibu)?,Retained predictor,Available before anthropometric confirmation,True,Infant & young child feeding,0.6684,
I50.a.	Air Susu ibu (ASI),Retained predictor,Available before anthropometric confirmation,True,Infant & young child feeding,0.7283,
"150.a.Jika Ya, berapa kali [NAMA] disusui? Jika 7 kali atau lebih, catat ‘7’",Retained predictor,Available before anthropometric confirmation,True,Infant & young child feeding,0.8079,
I50.b.	Air putih,Retained predictor,Available before anthropometric confirmation,True,Infant & young child feeding,0.7283,
I50.c.	Jus atau sari buah,Retained predictor,Available before anthropometric confirmation,True,Infant & young child feeding,0.7283,
"I50.d.	Air kaldu (seperti kaldu ayam, kaldu daging, atau kaldu ikan)",Retained predictor,Available before anthropometric confirmation,True,Infant & young child feeding,0.7283,
I50.e.	Susu formula bayi/balita,Retained predictor,Available before anthropometric confirmation,True,Infant & young child feeding,0.7283,
"I50.e.Jika Ya, berapa kali [Nama] minum susu? Jika 7 kali atau lebih, catat ‘7’",Retained predictor,Available before anthropometric confirmation,True,Infant & young child feeding,0.8684,
"I50.f.	Susu lainnya, seperti: susu bubuk, atau susu segar",Retained predictor,Available before anthropometric confirmation,True,Infant & young child feeding,0.7283,
"I50.f.Jika Ya, berapa kali [Nama] minum susu? Jika 7 kali atau lebih, catat ‘7’",Excluded,Missing >95%,False,,0.9735,
"I50.g.	Minuman/cairan lainnya (seperti air gula, kental manis, teh, air tajin, susu kedelai, dll)",Retained predictor,Available before anthropometric confirmation,True,Infant & young child feeding,0.7283,
"I50.h.	Yogurt? (tidak termasuk Yakult, vitacarm dll)",Retained predictor,Available before anthropometric confirmation,True,Infant & young child feeding,0.7283,
"I50.h.Jika Ya, berapa kali [Nama] minum yoghurt Jika 7 kali atau lebih, catat ‘7’",Excluded,Missing >95%,False,,0.9921,
"I50.i.	Makanan bayi bermerek, misalnya Sun, Milna, Cerelac dll",Retained predictor,Available before anthropometric confirmation,True,Infant & young child feeding,0.7283,
"I50.j.	Nasi, roti, mie, bubur, jagung, sagu atau makanan lain yang dibuat dari padi-padian seperti beras, gandum, sorgum, dll",Retained predictor,Available before anthropometric confirmation,True,Infant & young child feeding,0.7283,
"I50.k.	Labu kuning, wortel, atau ubi jalar yang berwarna kuning atau oranye didalamnya",Retained predictor,Available before anthropometric confirmation,True,Infant & young child feeding,0.7283,
"I50.l.	Kentang, ubi kayu/ketela pohon/singkong, talas, dan makanan lain dari akar- akaran atau akar umbi",Retained predictor,Available before anthropometric confirmation,True,Infant & young child feeding,0.7283,
"I50.m.	Sayuran hijau (bayam, kangkung, katuk, daun singkong, daun labu dll.)",Retained predictor,Available before anthropometric confirmation,True,Infant & young child feeding,0.7283,
"I50.n.	Buah-buahan yang kaya vitamin A yang masak, seperti mangga, pepaya, nangka, cempedak, kesemek, melon kuning",Retained predictor,Available before anthropometric confirmation,True,Infant & young child feeding,0.7283,
"I50.o.	Buah atau sayuran lainnya (seperti apel, alpukat, kapri, terong, oyong dll)",Retained predictor,Available before anthropometric confirmation,True,Infant & young child feeding,0.7283,
"I50.p.	Ati, ampela, ginjal, jantung, atau jeroan lainnya",Retained predictor,Available before anthropometric confirmation,True,Infant & young child feeding,0.7283,
"I50.q.	Daging: ayam, sapi, kambing, babi atau itik",Retained predictor,Available before anthropometric confirmation,True,Infant & young child feeding,0.7283,
I50.r.	Telur,Retained predictor,Available before anthropometric confirmation,True,Infant & young child feeding,0.7283,
I50.s.	Ikan/kerang segar atau asin,Retained predictor,Available before anthropometric confirmation,True,Infant & young child feeding,0.7283,
"I50.t.	Makanan dari kacang-kacangan (kacang kedelai, kacang merah, kacang tolo, kacang jogo, kacang hijau, kacang babi, kacang tanah, tahu, tempe, dll.)",Retained predictor,Available before anthropometric confirmation,True,Infant & young child feeding,0.7283,
I50.u.	Keju atau makanan lain yang terbuat dari susu,Retained predictor,Available before anthropometric confirmation,True,Infant & young child feeding,0.7283,
"I50.v.	Makanan padat, setengah padat, makanan lumat lainnya termasuk kue-kue seperti kue pisang, cucur, pancong, permen",Retained predictor,Available before anthropometric confirmation,True,Infant & young child feeding,0.7283,
"J01.b.KHUSUS BALITA, Kondisi kesehatan saat pengukuran?",Retained predictor,Available before anthropometric confirmation,True,Child,0.0004,
J01.c.Berat Badan (kg),T2 Concurrent child anthropometry,Child weight measured with height; strongly collinear with length,False,,0.0003,
J02.b.Tinggi/Panjang Badan (cm),T1 Deterministic outcome component,Defines HAZ / stunting label,False,,0.0,
"J02.c.KHUSUS UNTUK BALITA, (Posisi pengukuran TB/PB)",T1 Deterministic outcome component,Defines HAZ / stunting label,False,,0.0,
J03.a.Apakah [NAMA] diukur Lingkar Perut?,Retained predictor,Available before anthropometric confirmation,True,Maternal / caregiver,0.1126,"Maternal measurement (values adult-range, r(age)~0), NOT child"
J03.b.Lingkar Perut (Cm),Retained predictor,Available before anthropometric confirmation,True,Maternal / caregiver,0.1331,"Maternal measurement (values adult-range, r(age)~0), NOT child"
J07.a.Apakah [NAMA] diukur Lingkar Lengan Atas (LILA)?,Retained predictor,Available before anthropometric confirmation,True,Maternal / caregiver,0.0882,"Maternal measurement (values adult-range, r(age)~0), NOT child"
J07.b.Lingkar Lengan Atas (cm),Retained predictor,Available before anthropometric confirmation,True,Maternal / caregiver,0.1069,"Maternal measurement (values adult-range, r(age)~0), NOT child"
1. Banyaknya anggota rumah tangga:,Retained predictor,Available before anthropometric confirmation,True,Household demography,0.0,
2. Banyaknya balita (0-59 bulan),Retained predictor,Available before anthropometric confirmation,True,Household demography,0.0,
3. Banyaknya anggota rumah tangga yang diwawancarai:,Retained predictor,Available before anthropometric confirmation,True,Household demography,0.0,
4. Banyaknya Rumah Tangga dalam Bangunan Sensus,Retained predictor,Available before anthropometric confirmation,True,Household demography,0.0,
5. Banyaknya orang dalam Bangunan Sensus,Retained predictor,Available before anthropometric confirmation,True,Household demography,0.0,
1. Apakah [RUMAH TANGGA] mengetahui Apakah [RUMAH TANGGA] MENGETAHUI jenis fasilitas pelayanan kesehatan berikut? Keberadaan a.Puskesmas,Retained predictor,Available before anthropometric confirmation,True,Health-service access,0.0,
1.a.Alat Transportasi yang di gunakan - Puskesmas,Retained predictor,Available before anthropometric confirmation,True,Health-service access,0.0099,
1.a.Waktu yang diperlukan dari Rumah ke faskes - Puskesmas,Retained predictor,Available before anthropometric confirmation,True,Health-service access,0.0099,
1.a. Biaya Transportasi yang dikeluarkan - Puskesmas,Retained predictor,Available before anthropometric confirmation,True,Health-service access,0.0099,
1.Apakah jenis sarana air yang UTAMA digunakan oleh [RUMAH TANGGA] untuk keperluan minum saat ini?,Retained predictor,Available before anthropometric confirmation,True,WASH,0.0,
6.Bagaimana cara pengolahan air tersebut sebelum diminum?  a.	Dimasak,Retained predictor,Available before anthropometric confirmation,True,WASH,0.4115,
6.b.	Disaring/filtrasi,Retained predictor,Available before anthropometric confirmation,True,WASH,0.4115,
6.c. Ditambah larutan tawas,Retained predictor,Available before anthropometric confirmation,True,WASH,0.4115,
6.d. Ditambah larutan klorin,Retained predictor,Available before anthropometric confirmation,True,WASH,0.4115,
6.e. Dengan penyinaran matahari/UV,Retained predictor,Available before anthropometric confirmation,True,WASH,0.4115,
6.f.  Ditambah kapur,Retained predictor,Available before anthropometric confirmation,True,WASH,0.4115,
7.Apa jenis wadah penyimpanan air siap minum? a.	Panci/ember bertutup,Retained predictor,Available before anthropometric confirmation,True,WASH,0.0,
7.b.	Panci/ ember tidak bertutup,Retained predictor,Available before anthropometric confirmation,True,WASH,0.0,
7.c.	Teko/wadah bermulut kecil,Retained predictor,Available before anthropometric confirmation,True,WASH,0.0,
7.d.	Galon,Retained predictor,Available before anthropometric confirmation,True,WASH,0.0,
7.e. Lainnya,Retained predictor,Available before anthropometric confirmation,True,WASH,0.0,
"8.Apakah jenis sarana air yang UTAMA digunakan oleh [RUMAH TANGGA]  untuk keperluan SELAIN MINUM seperti untuk mandi, masak, mencuci, dan keperluan hygiene lainnya?",Retained predictor,Available before anthropometric confirmation,True,WASH,0.0,
11.Apakah [RUMAH TANGGA] memiliki fasilitas tempat buang air besar dan siapa saja yang menggunakan?,Retained predictor,Available before anthropometric confirmation,True,WASH,0.0,
12.Dimanakah lokasi tempat BAB tersebut?,Retained predictor,Available before anthropometric confirmation,True,WASH,0.0428,
14.Dimanakah tinja tersebut dialirkan?,Retained predictor,Available before anthropometric confirmation,True,WASH,0.0428,
17.Dimana tempat pembuangan air limbah utama dari kamar mandi / tempat cuci dan dapur? a.Kamar mandi,Retained predictor,Available before anthropometric confirmation,True,WASH,0.0,
17.b. Dapur,Retained predictor,Available before anthropometric confirmation,True,WASH,0.0,
18.Apa jenis tempat pengumpulan/ penampungan sampah basah (organik) di dalam rumah? a. Tempat sampah tertutup,Retained predictor,Available before anthropometric confirmation,True,WASH,0.0,
18. b. tempat sampah terbuka,Retained predictor,Available before anthropometric confirmation,True,WASH,0.0,
19.Bagaimana cara utama dalam menangan sampah [RUMAH TANGGA]?,Retained predictor,Available before anthropometric confirmation,True,WASH,0.0,
20.Jarak sumur/pompa ke tempat pembuangan kotoran/tinja terdekat?,Retained predictor,Available before anthropometric confirmation,True,WASH,0.7444,
21.Apakah tersedia tempat untuk untuk mencuci tangan?,Retained predictor,Available before anthropometric confirmation,True,WASH,0.0,
25.Jenis bahan bangunan utama atap rumah terluas?,Retained predictor,Available before anthropometric confirmation,True,Housing & area,0.0,
26.Jenis bahan bangunan utama plafon/langit-langit rumah terluas,Retained predictor,Available before anthropometric confirmation,True,Housing & area,0.0,
27.Jenis bahan bangunan utama lantai rumah terluas?,Retained predictor,Available before anthropometric confirmation,True,Housing & area,0.0,
28.Apakah bahan bangunan utama dinding rumah terluas?,Retained predictor,Available before anthropometric confirmation,True,Housing & area,0.0,
2.Luas lantai bangunan rumah  (BULATKAN DALAM METER PERSEGI),Retained predictor,Available before anthropometric confirmation,True,Housing & area,0.0,
1.Apakah ada anggota [RUMAH TANGGA] yang pernah menderita gangguan jiwa?,Retained predictor,Available before anthropometric confirmation,True,Household demography,0.0,
1. No Urut ART,Design / identifier,"Used for weighting, clustering, splitting or recoded",False,,0.0,
3. Hubungan dengan KRT,Retained predictor,Available before anthropometric confirmation,True,Household demography,0.0,
Kode umur,Design / identifier,"Used for weighting, clustering, splitting or recoded",False,,0.0,
7. Umur hari,Design / identifier,"Used for weighting, clustering, splitting or recoded",False,,0.0,
7. Umur Bulan,Design / identifier,"Used for weighting, clustering, splitting or recoded",False,,0.0,
age_days,Design / identifier,Recoded to age_months,False,,0.0,
age_months,Retained predictor,Available before anthropometric confirmation,True,Child,0.0,
sex,Retained predictor,Available before anthropometric confirmation,True,Child,0.0,
height_adj,T1 Deterministic outcome component,Defines HAZ / stunting label,False,,0.0,
position_mismatch,T1 Deterministic outcome component,Defines HAZ / stunting label,False,,0.0,
lms_L,T1 Deterministic outcome component,Defines HAZ / stunting label,False,,0.0,
lms_M,T1 Deterministic outcome component,Defines HAZ / stunting label,False,,0.0,
lms_S,T1 Deterministic outcome component,Defines HAZ / stunting label,False,,0.0,
haz,T1 Deterministic outcome component,Defines HAZ / stunting label,False,,0.0,
z_per_cm,T1 Deterministic outcome component,Defines HAZ / stunting label,False,,0.0,
stunted,T1 Deterministic outcome component,Defines HAZ / stunting label,False,,0.0,
w,Design / identifier,"Used for weighting, clustering, splitting or recoded",False,,0.0,
psu,Design / identifier,"Used for weighting, clustering, splitting or recoded",False,,0.0,
strata,Design / identifier,"Used for weighting, clustering, splitting or recoded",False,,0.0,
province,Design / identifier,"Used for weighting, clustering, splitting or recoded",False,,0.0,
urban,Retained predictor,Available before anthropometric confirmation,True,Housing & area,0.0,
