model,partition,calibration,n,prev_w,auroc,auprc,brier,ece,cal_slope,cal_intercept
LR (unweighted),OOF (dev),raw,61971,0.222,0.6399,0.3306,0.1653,0.0067,0.912,0.0187
LR (unweighted),Locked test,raw,15451,0.2178,0.6518,0.3473,0.1611,0.0091,1.0471,0.0056
LR (unweighted),Locked test,Platt,15451,0.2178,0.6518,0.3473,0.1612,0.0074,1.1482,-0.0141
LR (unweighted),Locked test,isotonic,15451,0.2178,0.6518,0.3387,0.1612,0.0081,1.1138,-0.0129
LR (unweighted),Spatial holdout,raw,6784,0.1901,0.6886,0.3309,0.1445,0.033,1.2329,-0.2092
LR (unweighted),Spatial holdout,Platt,6784,0.1901,0.6886,0.3309,0.1448,0.0355,1.3519,-0.2237
LR (unweighted),Spatial holdout,isotonic,6784,0.1901,0.6883,0.3217,0.1446,0.0359,1.3452,-0.2252
LR (survey-weighted),OOF (dev),raw,61971,0.222,0.6338,0.3237,0.1663,0.014,0.8014,-0.0001
LR (survey-weighted),Locked test,raw,15451,0.2178,0.6469,0.3374,0.162,0.0074,0.9319,-0.0134
LR (survey-weighted),Locked test,Platt,15451,0.2178,0.6469,0.3374,0.1621,0.0083,1.1628,-0.0161
LR (survey-weighted),Locked test,isotonic,15451,0.2178,0.6468,0.3313,0.1621,0.0097,1.1173,-0.0153
LR (survey-weighted),Spatial holdout,raw,6784,0.1901,0.677,0.3205,0.1455,0.029,1.0406,-0.1887
LR (survey-weighted),Spatial holdout,Platt,6784,0.1901,0.677,0.3205,0.1456,0.0297,1.2984,-0.1864
LR (survey-weighted),Spatial holdout,isotonic,6784,0.1901,0.6761,0.3123,0.1456,0.0288,1.2648,-0.1847
RF (survey-weighted),OOF (dev),raw,61971,0.222,0.6426,0.3363,0.1656,0.0166,1.4721,-0.0166
RF (survey-weighted),Locked test,raw,15451,0.2178,0.6483,0.3404,0.1628,0.0207,1.5482,-0.0388
RF (survey-weighted),Locked test,Platt,15451,0.2178,0.6483,0.3404,0.1618,0.0072,1.0517,-0.0213
RF (survey-weighted),Locked test,isotonic,15451,0.2178,0.6471,0.3319,0.1618,0.0087,1.0252,-0.0221
RF (survey-weighted),Spatial holdout,raw,6784,0.1901,0.7042,0.3453,0.1449,0.0492,2.0297,-0.2129
RF (survey-weighted),Spatial holdout,Platt,6784,0.1901,0.7042,0.3453,0.1428,0.0334,1.3787,-0.2033
RF (survey-weighted),Spatial holdout,isotonic,6784,0.1901,0.7043,0.3359,0.1429,0.0342,1.3304,-0.2035
HGB (unweighted),OOF (dev),raw,61971,0.222,0.6584,0.349,0.1632,0.0096,0.9149,0.0243
HGB (unweighted),Locked test,raw,15451,0.2178,0.6658,0.3576,0.1598,0.0116,0.9785,0.0077
HGB (unweighted),Locked test,Platt,15451,0.2178,0.6658,0.3576,0.1598,0.0102,1.0695,-0.0174
HGB (unweighted),Locked test,isotonic,15451,0.2178,0.6652,0.3493,0.1598,0.0085,1.0443,-0.0166
HGB (unweighted),Spatial holdout,raw,6784,0.1901,0.7007,0.345,0.1428,0.0281,1.1678,-0.182
HGB (unweighted),Spatial holdout,Platt,6784,0.1901,0.7007,0.345,0.1431,0.0325,1.2764,-0.2042
HGB (unweighted),Spatial holdout,isotonic,6784,0.1901,0.7002,0.3368,0.1431,0.0323,1.2617,-0.202
HGB (survey-weighted),OOF (dev),raw,61971,0.222,0.6504,0.3403,0.1646,0.0196,0.7949,0.047
HGB (survey-weighted),Locked test,raw,15451,0.2178,0.6594,0.3515,0.1607,0.017,0.8716,0.0202
HGB (survey-weighted),Locked test,Platt,15451,0.2178,0.6594,0.3515,0.1606,0.0094,1.0966,-0.0272
HGB (survey-weighted),Locked test,isotonic,15451,0.2178,0.6588,0.3409,0.1607,0.0093,1.0659,-0.028
HGB (survey-weighted),Spatial holdout,raw,6784,0.1901,0.6952,0.3411,0.1432,0.0267,1.0804,-0.1719
HGB (survey-weighted),Spatial holdout,Platt,6784,0.1901,0.6952,0.3411,0.1439,0.0352,1.3592,-0.2126
HGB (survey-weighted),Spatial holdout,isotonic,6784,0.1901,0.6937,0.3293,0.1441,0.0374,1.2392,-0.2113
Prevalence baseline,Locked test,raw,15451,0.2178,0.5034,0.2233,0.1704,0.0043,1770.8993,-0.0249
Prevalence baseline,Spatial holdout,raw,6784,0.1901,0.4955,0.1874,0.155,0.0319,,-0.1952
