scenario,overall_switch_pct,prevalence_after_pct,n_switched,switch_0-5 mo_pct,switch_6-23 mo_pct,switch_24-59 mo_pct
Height -1.0 cm,9.659,31.637,8048,10.753,11.156,8.903
Height -0.5 cm,4.725,26.704,3962,4.898,5.361,4.439
Height +0.5 cm,3.439,18.539,3071,3.315,3.979,3.228
Height +1.0 cm,6.538,15.441,5711,6.523,7.332,6.208
Position error -0.7 cm,6.665,28.643,5524,7.021,7.723,6.18
Position error +0.7 cm,4.804,17.175,4221,4.74,5.533,4.507
Draft: HAZ -0.10 SD,3.233,25.211,2682,1.942,2.784,3.573
Draft: HAZ -0.05 SD,1.6,23.579,1321,0.974,1.303,1.799
Draft: HAZ +0.05 SD,1.218,20.76,1090,0.619,1.152,1.317
Draft: HAZ +0.10 SD,2.362,19.617,2132,1.226,2.299,2.523
