sigma_cm,policy,param,burden,err_before,capture,err_after,yield_pct
0.5,Fixed HAZ band,0.02,1.098,3.291,16.019,3.036,48.075
0.5,Fixed HAZ band,0.04,2.215,3.291,30.039,2.868,44.642
0.5,Fixed HAZ band,0.06,3.305,3.291,42.22,2.707,42.051
0.5,Fixed HAZ band,0.08,4.403,3.291,52.786,2.593,39.457
0.5,Fixed HAZ band,0.1,5.504,3.291,61.951,2.519,37.048
0.5,Fixed HAZ band,0.12,6.575,3.291,69.145,2.463,34.61
0.5,Fixed HAZ band,0.14,7.654,3.291,75.215,2.407,32.34
0.5,Fixed HAZ band,0.16,8.732,3.291,80.126,2.406,30.201
0.5,Fixed HAZ band,0.18,9.819,3.291,84.297,2.373,28.255
0.5,Fixed HAZ band,0.2,10.908,3.291,87.475,2.374,26.393
0.5,Fixed HAZ band,0.22,11.998,3.291,90.206,2.374,24.744
0.5,Fixed HAZ band,0.24,13.045,3.291,92.432,2.345,23.32
0.5,Fixed HAZ band,0.26,14.091,3.291,94.02,2.359,21.961
0.5,Fixed HAZ band,0.28,15.158,3.291,95.426,2.334,20.721
0.5,Fixed HAZ band,0.3,16.219,3.291,96.298,2.36,19.541
0.5,Fixed HAZ band,0.32,17.263,3.291,97.105,2.349,18.513
0.5,Fixed HAZ band,0.34,18.3,3.291,97.746,2.345,17.58
0.5,Fixed HAZ band,0.36,19.37,3.291,98.277,2.337,16.699
0.5,Fixed HAZ band,0.38,20.398,3.291,98.639,2.353,15.915
0.5,Fixed HAZ band,0.4,21.415,3.291,98.941,2.325,15.206
0.5,Fixed HAZ band,0.42,22.45,3.291,99.193,2.33,14.542
0.5,Fixed HAZ band,0.44,23.474,3.291,99.399,2.338,13.937
0.5,Fixed HAZ band,0.46,24.486,3.291,99.527,2.335,13.378
0.5,Fixed HAZ band,0.48,25.494,3.291,99.623,2.349,12.861
0.5,Fixed HAZ band,0.5,26.492,3.291,99.711,2.332,12.388
0.5,Fixed HAZ band,0.52,27.488,3.291,99.784,2.339,11.948
0.5,Fixed HAZ band,0.54,28.471,3.291,99.84,2.324,11.541
0.5,Fixed HAZ band,0.56,29.46,3.291,99.875,2.315,11.158
0.5,Fixed HAZ band,0.58,30.431,3.291,99.908,2.332,10.806
0.5,Fixed HAZ band,0.6,31.415,3.291,99.939,2.335,10.47
0.5,No re-measurement,0.0,0.0,3.291,0.0,3.291,0.0
0.5,Proposed probability band,0.01,18.523,3.291,99.083,2.36,17.606
0.5,Proposed probability band,0.02,16.4,3.291,98.143,2.35,19.696
0.5,Proposed probability band,0.05,13.209,3.291,94.576,2.339,23.565
0.5,Proposed probability band,0.1,10.312,3.291,87.855,2.349,28.04
0.5,Proposed probability band,0.15,8.365,3.291,80.485,2.404,31.667
0.5,Proposed probability band,0.2,6.816,3.291,72.124,2.439,34.826
0.5,Proposed probability band,0.3,4.261,3.291,52.16,2.592,40.293
0.5,Proposed probability band,0.4,2.066,3.291,28.554,2.859,45.494
1.0,Fixed HAZ band,0.02,1.078,6.402,8.115,6.162,48.221
1.0,Fixed HAZ band,0.04,2.146,6.402,15.731,5.939,46.917
1.0,Fixed HAZ band,0.06,3.221,6.402,22.979,5.746,45.672
1.0,Fixed HAZ band,0.08,4.298,6.402,29.654,5.579,44.177
1.0,Fixed HAZ band,0.1,5.37,6.402,36.09,5.432,43.028
1.0,Fixed HAZ band,0.12,6.426,6.402,41.96,5.308,41.807
1.0,Fixed HAZ band,0.14,7.493,6.402,47.479,5.187,40.57
1.0,Fixed HAZ band,0.16,8.573,6.402,52.541,5.092,39.24
1.0,Fixed HAZ band,0.18,9.614,6.402,57.088,5.007,38.018
1.0,Fixed HAZ band,0.2,10.681,6.402,61.345,4.934,36.773
1.0,Fixed HAZ band,0.22,11.744,6.402,65.46,4.883,35.686
1.0,Fixed HAZ band,0.24,12.807,6.402,69.017,4.846,34.503
1.0,Fixed HAZ band,0.26,13.881,6.402,72.339,4.788,33.365
1.0,Fixed HAZ band,0.28,14.928,6.402,75.34,4.757,32.313
1.0,Fixed HAZ band,0.3,15.968,6.402,78.033,4.735,31.288
1.0,Fixed HAZ band,0.32,16.998,6.402,80.451,4.7,30.304
1.0,Fixed HAZ band,0.34,18.04,6.402,82.564,4.652,29.303
1.0,Fixed HAZ band,0.36,19.056,6.402,84.507,4.662,28.393
1.0,Fixed HAZ band,0.38,20.073,6.402,86.236,4.646,27.506
1.0,Fixed HAZ band,0.4,21.076,6.402,87.78,4.647,26.666
1.0,Fixed HAZ band,0.42,22.104,6.402,89.062,4.644,25.797
1.0,Fixed HAZ band,0.44,23.106,6.402,90.285,4.618,25.017
1.0,Fixed HAZ band,0.46,24.123,6.402,91.413,4.623,24.262
1.0,Fixed HAZ band,0.48,25.131,6.402,92.385,4.61,23.536
1.0,Fixed HAZ band,0.5,26.12,6.402,93.309,4.602,22.871
1.0,Fixed HAZ band,0.52,27.098,6.402,94.07,4.574,22.225
1.0,Fixed HAZ band,0.54,28.08,6.402,94.708,4.583,21.594
1.0,Fixed HAZ band,0.56,29.058,6.402,95.309,4.576,20.999
1.0,Fixed HAZ band,0.58,30.034,6.402,95.879,4.578,20.438
1.0,Fixed HAZ band,0.6,30.995,6.402,96.319,4.582,19.896
1.0,No re-measurement,0.0,0.0,6.402,0.0,6.402,0.0
1.0,Proposed probability band,0.01,35.328,6.402,99.149,4.582,17.968
1.0,Proposed probability band,0.02,31.466,6.402,98.083,4.593,19.956
1.0,Proposed probability band,0.05,25.485,6.402,94.622,4.584,23.771
1.0,Proposed probability band,0.1,20.061,6.402,88.092,4.621,28.114
1.0,Proposed probability band,0.15,16.296,6.402,80.501,4.667,31.629
1.0,Proposed probability band,0.2,13.256,6.402,71.889,4.776,34.722
1.0,Proposed probability band,0.3,8.293,6.402,51.858,5.091,40.042
1.0,Proposed probability band,0.4,4.013,6.402,28.118,5.608,44.864
1.5,Fixed HAZ band,0.02,1.044,9.376,5.418,9.143,48.675
1.5,Fixed HAZ band,0.04,2.082,9.376,10.686,8.925,48.136
1.5,Fixed HAZ band,0.06,3.137,9.376,15.88,8.687,47.475
1.5,Fixed HAZ band,0.08,4.174,9.376,20.797,8.494,46.724
1.5,Fixed HAZ band,0.1,5.206,9.376,25.366,8.34,45.691
1.5,Fixed HAZ band,0.12,6.242,9.376,29.778,8.176,44.736
1.5,Fixed HAZ band,0.14,7.283,9.376,34.06,8.028,43.847
1.5,Fixed HAZ band,0.16,8.32,9.376,38.136,7.887,42.973
1.5,Fixed HAZ band,0.18,9.361,9.376,42.111,7.782,42.176
1.5,Fixed HAZ band,0.2,10.383,9.376,45.766,7.678,41.324
1.5,Fixed HAZ band,0.22,11.417,9.376,49.277,7.561,40.465
1.5,Fixed HAZ band,0.24,12.445,9.376,52.556,7.477,39.592
1.5,Fixed HAZ band,0.26,13.455,9.376,55.632,7.405,38.763
1.5,Fixed HAZ band,0.28,14.471,9.376,58.657,7.33,38.001
1.5,Fixed HAZ band,0.3,15.489,9.376,61.467,7.259,37.205
1.5,Fixed HAZ band,0.32,16.519,9.376,64.146,7.217,36.406
1.5,Fixed HAZ band,0.34,17.525,9.376,66.598,7.157,35.628
1.5,Fixed HAZ band,0.36,18.535,9.376,68.928,7.086,34.865
1.5,Fixed HAZ band,0.38,19.546,9.376,71.248,7.055,34.175
1.5,Fixed HAZ band,0.4,20.531,9.376,73.355,7.04,33.498
1.5,Fixed HAZ band,0.42,21.514,9.376,75.248,7.003,32.792
1.5,Fixed HAZ band,0.44,22.494,9.376,77.033,6.973,32.108
1.5,Fixed HAZ band,0.46,23.488,9.376,78.735,6.959,31.428
1.5,Fixed HAZ band,0.48,24.478,9.376,80.292,6.924,30.753
1.5,Fixed HAZ band,0.5,25.463,9.376,81.732,6.895,30.095
1.5,Fixed HAZ band,0.52,26.431,9.376,83.091,6.893,29.474
1.5,Fixed HAZ band,0.54,27.419,9.376,84.377,6.855,28.852
1.5,Fixed HAZ band,0.56,28.376,9.376,85.527,6.848,28.259
1.5,Fixed HAZ band,0.58,29.329,9.376,86.625,6.828,27.692
1.5,Fixed HAZ band,0.6,30.276,9.376,87.63,6.841,27.137
1.5,No re-measurement,0.0,0.0,9.376,0.0,9.376,0.0
1.5,Proposed probability band,0.01,49.618,9.376,99.165,6.746,18.738
1.5,Proposed probability band,0.02,44.557,9.376,98.198,6.73,20.663
1.5,Proposed probability band,0.05,36.445,9.376,94.759,6.787,24.378
1.5,Proposed probability band,0.1,28.825,9.376,87.959,6.794,28.609
1.5,Proposed probability band,0.15,23.494,9.376,80.248,6.901,32.024
1.5,Proposed probability band,0.2,19.184,9.376,71.745,7.003,35.062
1.5,Proposed probability band,0.3,12.066,9.376,51.977,7.487,40.386
1.5,Proposed probability band,0.4,5.854,9.376,28.373,8.212,45.44
