age_months,sex,median_cm,sd_cm,SD_per_1cm,cm_equiv_0p10SD
0,Boys,49.884,1.893,0.528,0.189
0,Girls,49.148,1.863,0.537,0.186
3,Boys,61.401,2.044,0.489,0.204
3,Girls,59.777,2.104,0.475,0.21
6,Boys,67.644,2.141,0.467,0.214
6,Girls,65.751,2.267,0.441,0.227
12,Boys,75.739,2.376,0.421,0.238
12,Girls,74.005,2.575,0.388,0.257
18,Boys,82.263,2.697,0.371,0.27
18,Girls,80.712,2.904,0.344,0.29
24,Boys,87.802,3.055,0.327,0.305
24,Girls,86.401,3.225,0.31,0.323
36,Boys,96.089,3.707,0.27,0.371
36,Girls,95.057,3.809,0.263,0.381
48,Boys,103.327,4.194,0.238,0.419
48,Girls,102.731,4.308,0.232,0.431
59,Boys,109.42,4.598,0.217,0.46
59,Girls,108.898,4.721,0.212,0.472
