group,auroc_lo,auroc_hi,n,prev_w,auroc,auprc,brier,ece,cal_slope,cal_intercept
Age 0-5 mo,0.6832,0.7858,1742,0.1396,0.7304,0.37,0.1075,0.0351,1.2912,-0.2621
Age 6-23 mo,0.6299,0.6842,6094,0.1932,0.6585,0.3233,0.1479,0.0215,0.9099,-0.0917
Age 24-59 mo,0.648,0.6765,14399,0.2295,0.6618,0.3639,0.1663,0.0087,1.1557,-0.0172
Boys,0.655,0.6916,11377,0.2222,0.6727,0.3711,0.1611,0.0108,1.1377,-0.0481
Girls,0.6474,0.6886,10858,0.2032,0.6689,0.3361,0.1524,0.0159,1.0666,-0.0528
Urban,0.6503,0.6912,11691,0.1914,0.672,0.3277,0.1456,0.014,1.131,-0.0721
Rural,0.6455,0.6807,10544,0.2416,0.6611,0.3809,0.1719,0.0065,1.0597,-0.0249
Locked test,0.6484,0.6803,15451,0.2178,0.6658,0.3576,0.1598,0.0102,1.0695,-0.0174
Spatial holdout,0.6809,0.7231,6784,0.1901,0.7007,0.345,0.1431,0.0325,1.2764,-0.2042
Holdout: Sumatera Barat,0.6365,0.6895,3474,0.227,0.6625,0.356,0.1655,0.0133,1.0993,-0.033
Holdout: Bali,0.5887,0.7096,1551,0.0759,0.6496,0.1248,0.0809,0.0992,0.877,-0.9803
Holdout: Maluku,0.6328,0.7018,1759,0.2924,0.6718,0.4429,0.1922,0.0286,1.1677,0.0888
